Job ID,Job Name,Department,Commitment,Client Name,Job Location,Job Last Opened By,Recruiter,Account Manager(s),Contact,Opened on,Closed on,Job Close Probability,Forecasted Revenue,Number of Openings,Current Openings,Job Expected Revenue,Candidates Submitted,Candidates Hired,Job Custom field - Agency Type,Job Custom field - Categories,Job Custom field - Nearest Tube/Train Station
11,Media Strategy Director,Planning & Strategy,Full time,Media Lab Group,London,Lisa Gills,Lisa Gills,,Catherine Falla,2023-07-24,2023-10-13,0,,1,1,"£ 16,500.000000000",0,0,"Media,DRTV,Direct Mail,TV,OOH,Sponsorship","Finance,Charity,Sport",Oxford Circus
4,Mid-Senior Strategist,Planning & Strategy,Full time,Weber Shandwick,London,Lisa Gills,Lisa Gills,,Andrew Lopez,2023-07-20,2023-10-25,0,,1,1,"£ 9,000.000000000",0,0,,,
293,Social Media Strategist,Social Media,Temporary,Hey Human,Greater London,Lisa Gills,Lisa Gills,Emma Clark,Liz Richardson,2024-01-11,2024-01-11,100,,1,0,,1,1,"Brand,TV,Research & Insights,Shopper,Content & Social","Alcohol,Healthcare",Elephant & Castle
290,Senior Planner,Planning & Strategy,Full time,MRM,South London,Lisa Gills,Lisa Gills,,"Ian Lenehan, Peter Holgate",2023-11-03,2023-11-28,100,"£ 9,750",1,0,"£ 9,750.000000000",1,1,"E-CRM,Direct Mail,B2B,Content & Social","Energy/Utilities,Sustainability",Blackfriars
287,Senior Strategist - B2B,Enterprise,Full time,Ogilvy UK,Ogilvy UK,Lisa Gills,Lisa Gills,,Sophie Robinson,2023-10-25,2023-12-04,100,"£ 9,750",1,0,"£ 9,750.000000000",3,1,"B2B,ABM,global,Corporate Comms","Aviation,Tech,NFP/Government,Automotive,Telco",Blackfriars
284,VP of Content Strategy,Enterprise,Full time,Weber Shandwick,Weber Shandwick,Lisa Gills,Lisa Gills,Lisa Gills,Louisa Wetton,2023-10-13,2023-10-13,100,"£ 10,500",1,0,"£ 10,500.000000000",1,1,"Content & Social,Consumer PR & Comms,Corporate Comms",B2B,Liverpool Street
281,Data Strategist,Planning & Strategy,Temporary,the tree,London,Lisa Gills,Lisa Gills,,Tom Rabin,2023-08-23,2023-08-28,100,,1,0,,2,1,"Content & Social,Brand","Energy/Utilities,Tech,Alcohol,Luxury",
278,Strategy Director - J&J,No department,Full time,MRM,,Lisa Gills,,,,2023-08-14,2023-08-14,100,,1,0,,3,1,,,
269,Associate Strategy Director,No department,Full time,Digital Natives,,System Admin,,,,2023-08-14,2023-08-14,100,,1,0,,11,1,,,
266,Freelance Senior Content Strategist,No department,Full time,M&C Saatchi,,System Admin,,,,2023-08-14,2023-08-14,100,,1,0,,1,1,,,
264,Freelance Senior Planner,No department,Full time,MRM,,System Admin,,,,2023-08-14,2023-08-14,100,,1,0,,1,1,,,
256,Strategist,No department,Full time,Momentum ABM,,System Admin,,,,2023-08-14,2023-08-14,100,,1,0,,1,1,,,
252,Strategist,No department,Full time,Fox + Hare,,System Admin,,,,2023-08-14,2023-08-14,100,,1,0,,3,1,,,
248,Strategic Director,No department,Full time,Ogilvy UK,,Megan Taylor,,,,2023-08-14,2023-08-14,100,,1,0,,1,1,,,
249,Junior Strategist,No department,Full time,Team Spirit,South London,Megan Taylor,,,,2023-08-14,2023-08-14,100,,1,0,,5,1,,,
245,Freelance Strategy Director,No department,Full time,BBD Perfect Storm,,Lisa Gills,,,,2023-08-14,2023-08-14,100,,1,0,,1,1,,,
239,Commerce Strategist,No department,Full time,Publicis Poke,South London,Lisa Gills,,,,2023-08-14,2023-08-14,100,,1,0,,5,1,,,
240,Strategist,No department,Full time,Publicis Poke,South London,Lisa Gills,,,,2023-08-14,2023-08-14,100,,1,0,,1,1,,,
230,Freelance Integrated Strategist,No department,Full time,VMLY&R Commerce,,System Admin,,,,2023-08-14,2023-08-14,100,,1,0,,1,1,,,
226,Junior Strategist,No department,Full time,Drummond Central,"Newcastle upon Tyne, Tyne and Wear, United Kingdom",System Admin,,,,2023-08-14,2023-08-14,100,,1,0,,1,1,,,
216,Freelance Social Strategist,No department,Full time,Collective,South London,Deborah Griffiths,,,,2023-08-14,2023-08-14,100,,1,0,,2,1,,,
214,Strategist,No department,Full time,Redwood BBDO London,East London,Deborah Griffiths,,,,2023-08-14,2023-08-14,100,,1,0,,3,1,,,
210,Strategist,No department,Full time,MRM,,Emma Clark,,,,2023-08-14,2023-08-14,100,,1,0,,1,1,,,
211,Strategy Director,No department,Full time,Digitas,Manchester,Deborah Griffiths,,,,2023-08-14,2023-08-14,100,,1,0,,1,1,,,
207,Social Strategist,No department,Full time,Collective,,Megan Taylor,,,,2023-08-14,2023-08-14,100,,1,0,,8,1,,,
206,Freelance Senior Planner,No department,Full time,MRM,,Lisa Gills,,,,2023-08-14,2023-08-14,100,,1,0,,3,1,,,
201,Senior Strategist,No department,Full time,RPM,,Lisa Gills,,,,2023-08-14,2023-08-14,100,,1,0,,3,1,,,
203,Freelance Retail Strategist,No department,Full time,Collective,,Lisa Gills,,,,2023-08-14,2023-08-14,100,,1,0,,1,1,,,
199,Freelance Strategy Director,No department,Full time,BMB,,System Admin,,,,2023-08-14,2023-08-14,100,,1,0,,3,1,,,
200,Senior Strategist,No department,Full time,M&C Saatchi,,System Admin,,,,2023-08-14,2023-08-14,100,,1,0,,3,1,,,
194,Social Strategist,No department,Full time,BMB,,System Admin,,,,2023-08-14,2023-08-14,100,,1,0,,2,1,,,
197,Associate Strategy Director,No department,Full time,BMB,,System Admin,,,,2023-08-14,2023-08-14,100,,1,0,,2,1,,,
192,Comms Planner,No department,Full time,House 337,,System Admin,,,,2023-08-14,2023-08-14,100,,1,0,,1,1,,,
185,Mid-Senior Planner,No department,Full time,PrettyGreen,,Megan Taylor,,,,2023-08-14,2023-08-14,100,,1,0,,4,1,,,
186,Freelance Data Strategy Director,No department,Full time,MRM,,Lisa Gills,,,,2023-08-14,2023-08-14,100,,1,0,,2,1,,,
179,Senior Strategist,No department,Full time,Cult LDN + NYC,,Lisa Gills,,,,2023-08-14,2023-08-14,100,,1,0,,1,1,,,
180,Social Strategy Lead,No department,Full time,Digital Natives,,Lisa Gills,,,,2023-08-14,2023-08-14,100,,1,0,,1,1,,,
181,Associate Director,No department,Full time,Collective,,Megan Taylor,,,,2023-08-14,2023-08-14,100,,1,0,,3,1,,,
178,Strategist,No department,Full time,KHWS,,Lisa Gills,,,,2023-08-14,2023-08-14,100,,1,0,,1,1,,,
170,Freelance Senior Strategist,No department,Full time,RPM,,System Admin,,,,2023-08-14,2023-08-14,100,,1,0,,10,1,,,
166,Freelance Senior Strategist,No department,Full time,RPM,,System Admin,,,,2023-08-14,2023-08-14,100,,1,0,,1,1,,,
167,Content Strategist,No department,Full time,RPM,,System Admin,,,,2023-08-14,2023-08-14,100,,1,0,,5,1,,,
162,Strategist - Midweight,No department,Full time,We Are Fearless,,System Admin,,,,2023-08-14,2023-08-14,100,,1,0,,4,1,,,
160,CRM Strategist (Freelance),No department,Full time,BBH,,System Admin,,,,2023-08-14,2023-08-14,100,,1,0,,2,1,,,
161,Midweight Integrated Strategist,No department,Full time,Initials,,System Admin,,,,2023-08-14,2023-08-14,100,,1,0,,3,1,,,
156,Strategy Director,No department,Full time,Redwood BBDO London,,System Admin,,,,2023-08-14,2023-08-14,100,,1,0,,5,1,,,
153,Midweight / Senior Strategist,No department,Full time,Now Advertising,,System Admin,,,,2023-08-14,2023-08-14,100,,1,0,,5,1,,,
149,Strategy Director,No department,Full time,Hey Human,,Lisa Gills,,,,2023-08-14,2023-08-14,100,,1,0,,1,1,,,
150,Freelance Data Strategist,No department,Full time,MRM,,Lisa Gills,,,,2023-08-14,2023-08-14,100,,1,0,,1,1,,,
147,Freelance Strategy Director,No department,Full time,MRM,,Megan Taylor,,,,2023-08-14,2023-08-14,100,,1,0,,1,1,,,
144,Strategy Director,No department,Full time,Across the Pond,,Megan Taylor,,,,2023-08-14,2023-08-14,100,,1,0,,3,1,,,
140,Planning Director,No department,Full time,Hey Human,,System Admin,,,,2023-08-14,2023-08-14,100,,1,0,,5,1,,,
141,Senior Digital Strategist,No department,Full time,Hey Human,,System Admin,,,,2023-08-14,2023-08-14,100,,1,0,,1,1,,,
138,Strategy Director,No department,Full time,Hey Human,,System Admin,,,,2023-08-14,2023-08-14,100,,1,0,,1,1,,,
139,Strategy Director,No department,Full time,Hey Human,,System Admin,,,,2023-08-14,2023-08-14,100,,1,0,,6,1,,,
135,Strategy Director,No department,Full time,Hey Human,,System Admin,,,,2023-08-14,2023-08-14,100,,1,0,,4,1,,,
136,Senior Strategist,No department,Full time,Hey Human,,System Admin,,,,2023-08-14,2023-08-14,100,,1,0,,6,1,,,
137,Planner,No department,Full time,Hey Human,,System Admin,,,,2023-08-14,2023-08-14,100,,1,0,,10,1,,,
131,Freelance Strategy Director ( Perm cover),No department,Full time,SevenC3,,Lisa Gills,,,,2023-08-14,2023-08-14,100,,1,0,,1,1,,,
134,Midweight Strategist,No department,Full time,Shift Active Media,Bath,System Admin,,,,2023-08-14,2023-08-14,100,,1,0,,4,1,,,
128,Freelance Strategy Director,No department,Full time,SevenC3,,Lisa Gills,,,,2023-08-14,2023-08-14,100,,1,0,,1,1,,,
130,Freelance Strategy Director,No department,Full time,Space,,Lisa Gills,,,,2023-08-14,2023-08-14,100,,1,0,,2,1,,,
125,Freelance Strategy Director,No department,Full time,VMLY&R Commerce,,Lisa Gills,,,,2023-08-14,2023-08-14,100,,1,0,,1,1,,,
127,Strategy Director,No department,Full time,Fox + Hare,,Lisa Gills,,,,2023-08-14,2023-08-14,100,,1,0,,6,1,,,
116,Freelance Strategist,No department,Full time,Collective,South London,Deborah Griffiths,,,,2023-08-14,2023-08-14,100,,1,0,,3,1,,,
113,Freelance Strategy Director,No department,Full time,Fire Without Smoke,South London,Deborah Griffiths,,,,2023-08-14,2023-08-14,100,,1,0,,2,1,,,
115,Freelance Senior Brand Strategist,No department,Full time,White Bear Studio,South London,Deborah Griffiths,,,,2023-08-14,2023-08-14,100,,1,0,,5,1,,,
111,Freelance Brand Strategist,No department,Full time,SevenC3,,System Admin,,,,2023-08-14,2023-08-14,100,,1,0,,3,1,,,
112,Senior Strategist,No department,Full time,TRO,,System Admin,,,,2023-08-14,2023-08-14,100,,1,0,,3,1,,,
108,"Senior Strategist ( digital advertising, social & content)",No department,Full time,SevenC3,,System Admin,,,,2023-08-14,2023-08-14,100,,1,0,,6,1,,,
105,Data Strategy Director,No department,Full time,MRM,,System Admin,,,,2023-08-14,2023-08-14,100,,1,0,,2,1,,,
100,Senior Strategist,No department,Full time,Arthur,,Lisa Gills,,,,2023-08-14,2023-08-14,100,,1,0,,1,1,"Brand,DRTV,Earned,Owned,Paid","Charity,Finance",
101,Strategy Director,No department,Full time,Toaster,,Lisa Gills,,,,2023-08-14,2023-08-14,100,,1,0,,2,1,,,
97,Midweight CRM Strategist,No department,Full time,Ogilvy UK,East London,Lisa Gills,,,,2023-08-14,2023-08-14,100,,1,0,,4,1,,,
98,Strategist,No department,Full time,Fox + Hare,East London,Lisa Gills,,,,2023-08-14,2023-08-14,100,,1,0,,3,1,,,
94,Retail Strategy Consultant,No department,Full time,The Level Up,,Lisa Gills,,,,2023-08-14,2023-08-14,100,,1,0,,4,1,,,
96,Brand Strategy Director,No department,Full time,East,,Lisa Gills,,,,2023-08-14,2023-08-14,100,,1,0,,2,1,,,
91,Freelance Strategy Director,No department,Full time,MRM,,Lisa Gills,,,,2023-08-14,2023-08-14,100,,1,0,,2,1,,,
87,Senior Social Strategist,No department,Full time,Digital Natives,West London,Lisa Gills,,,,2023-08-14,2023-08-14,100,,1,0,,2,1,,,
84,Midweight Strategist,No department,Full time,Contagious,,Lisa Gills,,,,2023-08-14,2023-08-14,100,,1,0,,9,1,,,
80,Brand Strategist,No department,Full time,Magnus Consulting,,System Admin,,,,2023-08-14,2023-08-14,100,,1,0,,9,1,,,
81,Freelance Content Strategist,No department,Full time,Magnus Consulting,,System Admin,,,,2023-08-14,2023-08-14,100,,1,0,,1,1,,,
76,Strategy Director ( 9 -12 month FTC),No department,Full time,We Are Fearless,,System Admin,,,,2023-08-14,2023-08-14,100,,1,0,,3,1,,,
74,Strategist,No department,Full time,We Are Fearless,,System Admin,,,,2023-08-14,2023-08-14,100,,1,0,,3,1,,,
75,Senior Comms Strategist,No department,Full time,Publicis Emil,,System Admin,,,,2023-08-14,2023-08-14,100,,1,0,,3,1,,,
70,Integrated Strategist,No department,Full time,VMLY&R Commerce,,System Admin,,,,2023-08-14,2023-08-14,100,,1,0,,4,1,,,
71,Senior Strategist,No department,Full time,Team Spirit,,System Admin,,,,2023-08-14,2023-08-14,100,,1,0,,4,1,,,
65,Freelance Integrated Strategist,No department,Full time,VMLY&R Commerce,,System Admin,,,,2023-08-14,2023-08-14,100,,1,0,,5,1,,,
62,Freelance Strategy Director,No department,Full time,MRM,,Lisa Gills,,,,2023-08-14,2023-08-14,100,,1,0,,2,1,,,
60,Assistant Strategist,No department,Full time,Contagious,,Megan Taylor,,,,2023-08-14,2023-08-14,100,,1,0,,1,1,,,
56,Freelance Strategy Director,No department,Full time,MRM,,Lisa Gills,,,,2023-08-14,2023-08-14,100,,1,0,,2,1,,,
52,Midweight Planner,No department,Full time,Hey Human,Greater London,Deborah Griffiths,,,,2023-08-14,2023-08-14,100,,1,0,,10,1,,,
53,Freelance Senior Strategist,No department,Full time,Born Social,South London,Megan Taylor,,,,2023-08-14,2023-08-14,100,,1,0,,6,1,,,
54,Midweight Strategist - B2B,No department,Full time,Ogilvy UK,,Emma Clark,,,,2023-08-14,2023-08-14,100,,1,0,,1,1,,,
46,Strategist,No department,Full time,Harvard,,Lisa Gills,,,,2023-08-14,2023-08-14,100,,1,0,,2,1,,,
47,Senior Strategist,No department,Full time,Harvard,,Lisa Gills,,,,2023-08-14,2023-08-14,100,,1,0,,14,1,,,
43,Strategist,No department,Full time,Arthur,,Lisa Gills,,,,2023-08-14,2023-08-14,100,,1,0,,1,1,,,
37,Senior Creative Strategist,No department,Full time,Digital Natives,West London,Megan Taylor,,,,2023-08-14,2023-08-14,100,,1,0,,2,1,,,
38,Freelance Strategy Director,No department,Full time,MRM,,Lisa Gills,,,,2023-08-14,2023-08-14,100,,1,0,,1,1,,,
33,Freelance Moderator,No department,Full time,Hey Human,Greater London,Lisa Gills,,,,2023-08-14,2023-08-14,100,,1,0,,2,1,,,
34,Freelance Strategy Director,No department,Full time,Digital Natives,West London,Lisa Gills,,,,2023-08-14,2023-08-14,100,,1,0,,1,1,,,
27,Senior Strategist,No department,Full time,The Marketing Practice,,System Admin,,,,2023-08-14,2023-08-14,100,,1,0,,2,1,,,
24,Mid-weight Strategist,No department,Full time,Jack Morton,,System Admin,,,,2023-08-14,2023-08-14,100,,1,0,,1,1,,,
25,Social Media Strategist/Manager,No department,Full time,Cult LDN + NYC,,System Admin,,,,2023-08-14,2023-08-14,100,,1,0,,5,1,,,
21,Strategy Director,No department,Full time,Earnest,,System Admin,,,,2023-08-14,2023-08-14,100,,1,0,,2,1,,,
19,Community Manager,No department,Full time,Collective,,System Admin,,,,2023-08-14,2023-08-14,100,,1,0,,3,1,,,
17,Paid Social Media Manager,No department,Full time,Collective,,System Admin,,,,2023-08-14,2023-08-14,100,,1,0,,2,1,,,
9,Associate Strategy Director,Planning & Strategy,Full time,Hey Human,London,Lisa Gills,Lisa Gills,,Jossy Pilgrim,2023-07-20,2023-09-25,100,"£ 12,600",1,0,"£ 12,600.000000000",3,1,"Research & Insights,TV,Content & Social,Experiential,Shopper,Brand,global","Healthcare,FMCG,Alcohol",Borough
260,Creative Strategist,No department,Full time,Keko,East London,System Admin,,,,2023-08-14,2023-08-14,100,,1,0,,11,2,,,
295,Freelance Strategy Director,Planning & Strategy,Temporary,BBD Perfect Storm,London,Lisa Gills,Lisa Gills,Lisa Gills,Oliver Gibson,2024-01-30,,0,,1,1,,2,0,,,